{
  "timestamp_utc": "2026-02-28T22:40:23.359844+00:00",
  "completed_runs": 421,
  "pending_runs": 7987,
  "failed_runs": 0,
  "eta_seconds": 8206.800715337908,
  "estimated_total_cost_usd": 30.020757,
  "estimated_cost_by_model": {
    "claude-haiku-4-5": 0.063512,
    "gemini-2.5-flash": 0.010670324999999998,
    "gpt-5.2": 7.408990000000001,
    "gemini-2.5-pro": 2.0850949999999995,
    "claude-opus-4-6": 7.063110000000002,
    "gpt-4o": 3.7478400000000005,
    "claude-sonnet-4-6": 6.153635999999998,
    "gemini-3.1-pro-preview": 3.487903750000003
  },
  "status": "paused_max_cost",
  "warning": "Max cost guardrail triggered at $30.02 (limit=$30.00). Execution paused.",
  "max_cost_usd": 30.0
}