{
  "timestamp_utc": "2026-03-01T00:43:11.927047+00:00",
  "completed_runs": 160,
  "pending_runs": 120,
  "failed_runs": 0,
  "eta_seconds": 332.4748122795427,
  "estimated_total_cost_usd": 19.766881,
  "estimated_cost_by_model": {
    "gemini-2.5-pro": 1.071885,
    "gemini-2.5-flash": 0.019202624999999997,
    "claude-haiku-4-5": 0.19987199999999994,
    "claude-opus-4-6": 6.197279999999999,
    "gpt-5.2": 3.8151500000000005,
    "gpt-4o": 3.2485050000000015,
    "claude-sonnet-4-6": 4.6959839999999975,
    "deepseek-v3p2": 0.5190020400000003
  },
  "status": "running",
  "warning": null,
  "max_cost_usd": 30.0
}