{
  "timestamp_utc": "2026-03-01T04:00:17.284627+00:00",
  "completed_runs": 250,
  "pending_runs": 30,
  "failed_runs": 0,
  "eta_seconds": 125.47829659079667,
  "estimated_total_cost_usd": 47.415766,
  "estimated_cost_by_model": {
    "claude-opus-4-6": 12.183165,
    "gemini-2.5-pro": 2.373477499999999,
    "gemini-2.5-flash": 0.02508105,
    "gpt-5.2": 8.130560000000001,
    "claude-haiku-4-5": 0.31031919999999985,
    "gpt-4o": 8.261469999999994,
    "claude-sonnet-4-6": 14.62179,
    "deepseek-v3p2": 1.5099028200000009
  },
  "status": "running",
  "warning": null,
  "max_cost_usd": 80.0
}